Nama File,Piksel Global,Rasio Global,Nilai Threshold Otsu,Piksel Otsu,Rasio Otsu,Status Keputusan
01_HighQuality_Enhanced (2)(1).jpg,8794,3.08%,149,9397,3.29%,SIGNATURE PRESENT
02_LowContrast (2).jpg,785,0.24%,193,9477,2.87%,SIGNATURE PRESENT
03_Blurred (2).jpg,4438,1.34%,191,13717,4.13%,SIGNATURE PRESENT
04_HighNoise (2).jpg,8345,2.60%,156,9338,2.90%,SIGNATURE PRESENT
05_LowResolution_Upsampled (2).jpg,7694,2.40%,171,10429,3.26%,SIGNATURE PRESENT
06_Faded_Underexposed (2).jpg,10030,3.57%,118,9432,3.36%,SIGNATURE PRESENT
07_ColorShift_WarmTint (2).jpg,8751,2.43%,157,9959,2.76%,SIGNATURE PRESENT
08_JPEGCompression_Artifacts (2).jpg,8283,2.12%,161,9434,2.41%,SIGNATURE PRESENT
09_CombinedDegradation (2).jpg,9322,2.60%,137,10079,2.81%,SIGNATURE PRESENT
WhatsApp Image 2026-10-02 at 19.15.14 (1).jpeg,0,0.00%,245,88886,31.09%,SIGNATURE PRESENT
WhatsApp Image 2026-10-02 at 19.15.14 (2).jpeg,0,0.00%,243,115699,35.09%,SIGNATURE PRESENT
WhatsApp Image 2026-10-02 at 19.15.14 (3).jpeg,0,0.00%,246,139126,41.90%,SIGNATURE PRESENT
WhatsApp Image 2026-10-02 at 19.15.14 (4).jpeg,0,0.00%,236,51679,16.08%,SIGNATURE PRESENT
WhatsApp Image 2026-10-02 at 19.15.14 (5).jpeg,0,0.00%,245,104817,32.72%,SIGNATURE PRESENT
WhatsApp Image 2026-10-02 at 19.15.14 (6).jpeg,0,0.00%,157,94565,33.67%,SIGNATURE PRESENT
WhatsApp Image 2026-10-02 at 19.15.14 (7).jpeg,0,0.00%,237,89666,24.87%,SIGNATURE PRESENT
WhatsApp Image 2026-10-02 at 19.15.14 (8).jpeg,0,0.00%,245,151818,38.84%,SIGNATURE PRESENT
WhatsApp Image 2026-10-02 at 19.15.14.jpeg,0,0.00%,189,187732,52.26%,SIGNATURE PRESENT
